<?xml version="1.0" encoding="UTF-8"?>
<metadata xml:lang="en"><Esri><CreaDate>20190513</CreaDate><CreaTime>15364900</CreaTime><ArcGISFormat>1.0</ArcGISFormat><SyncOnce>TRUE</SyncOnce><DataProperties><lineage><Process ToolSource="c:\program files (x86)\arcgis\desktop10.5\ArcToolbox\Toolboxes\Data Management Tools.tbx\CalculateField" Date="20190503" Time="140557">CalculateField all-streets-split-100m-with-z-values CODE 100 VB #</Process><Process ToolSource="c:\program files (x86)\arcgis\desktop10.5\ArcToolbox\Toolboxes\Data Management Tools.tbx\CalculateField" Date="20190503" Time="140715">CalculateField all-streets-split-100m-with-z-values CODE 200 VB #</Process><Process ToolSource="c:\program files (x86)\arcgis\desktop10.5\ArcToolbox\Toolboxes\Data Management Tools.tbx\CalculateField" Date="20190503" Time="140818">CalculateField all-streets-split-100m-with-z-values CODE 300 VB #</Process><Process ToolSource="c:\program files (x86)\arcgis\desktop10.5\ArcToolbox\Toolboxes\Data Management Tools.tbx\CalculateField" Date="20190503" Time="140857">CalculateField all-streets-split-100m-with-z-values CODE 400 VB #</Process><Process ToolSource="c:\program files (x86)\arcgis\desktop10.5\ArcToolbox\Toolboxes\Data Management Tools.tbx\CalculateField" Date="20190503" Time="150158">CalculateField all-streets-split-100m-with-z-values SLOPE2 "( [ZMAX]- [ZMIN])/ [LENGTH_CHE]*100
" VB #</Process><Process ToolSource="c:\program files (x86)\arcgis\desktop10.5\ArcToolbox\Toolboxes\Data Management Tools.tbx\CalculateField" Date="20190503" Time="150620">CalculateField all-streets-split-100m-with-z-values CODE2 400 VB #</Process><Process ToolSource="c:\program files (x86)\arcgis\desktop10.5\ArcToolbox\Toolboxes\Data Management Tools.tbx\CalculateField" Date="20190503" Time="150847">CalculateField all-streets-split-100m-with-z-values CODE2 300
 VB #</Process><Process ToolSource="c:\program files (x86)\arcgis\desktop10.5\ArcToolbox\Toolboxes\Data Management Tools.tbx\CalculateField" Date="20190503" Time="151235">CalculateField all-streets-split-100m-with-z-values CODE2 200 VB #</Process><Process ToolSource="c:\program files (x86)\arcgis\desktop10.5\ArcToolbox\Toolboxes\Data Management Tools.tbx\CalculateField" Date="20190503" Time="151319">CalculateField all-streets-split-100m-with-z-values CODE2 100 VB #</Process><Process ToolSource="c:\program files (x86)\arcgis\desktop10.5\ArcToolbox\Toolboxes\Data Management Tools.tbx\CalculateField" Date="20190503" Time="151557">CalculateField all-streets-split-100m-with-z-values CODE3 [CODE2] VB #</Process><Process ToolSource="c:\program files (x86)\arcgis\desktop10.5\ArcToolbox\Toolboxes\Data Management Tools.tbx\CalculateField" Date="20190503" Time="152128">CalculateField all-streets-split-100m-with-z-values CODE3 100
 VB #</Process><Process ToolSource="c:\program files (x86)\arcgis\desktop10.5\ArcToolbox\Toolboxes\Data Management Tools.tbx\DeleteField" Date="20190505" Time="162957">DeleteField all-streets-split-100m start;end;slope;CODE;SLOPE2;ZMAX;ZMIN;CODE3</Process><Process ToolSource="c:\program files (x86)\arcgis\desktop10.5\ArcToolbox\Toolboxes\3D Analyst Tools.tbx\AddSurfaceInformation" Date="20190505" Time="163707">AddSurfaceInformation all-streets-split-100m dem_2011 Z_MIN;Z_MAX;Z_MEAN;SURFACE_LENGTH;MIN_SLOPE;MAX_SLOPE;AVG_SLOPE BILINEAR # 1 0 NO_FILTER</Process><Process ToolSource="c:\program files (x86)\arcgis\desktop10.5\ArcToolbox\Toolboxes\Data Management Tools.tbx\CalculateField" Date="20190506" Time="074514">CalculateField all-streets-split-100m slope2 "( [Z_Max] - [Z_Min]) / [Shape_len] *100" VB #</Process><Process ToolSource="c:\program files (x86)\arcgis\desktop10.5\ArcToolbox\Toolboxes\Data Management Tools.tbx\CalculateField" Date="20190506" Time="080954">CalculateField all-streets-split-100m slope2 "( [Z_Max] - [Z_Min]) / [LENGTH_CHE] *100" VB #</Process><Process ToolSource="c:\program files (x86)\arcgis\desktop10.5\ArcToolbox\Toolboxes\Data Management Tools.tbx\CalculateField" Date="20190507" Time="082106">CalculateField all-streets-split-100m slope3 1 VB #</Process><Process ToolSource="c:\program files (x86)\arcgis\desktop10.5\ArcToolbox\Toolboxes\Data Management Tools.tbx\CalculateField" Date="20190507" Time="082550">CalculateField all-streets-split-100m slope3 [slope2] VB #</Process><Process ToolSource="c:\program files (x86)\arcgis\desktop10.5\ArcToolbox\Toolboxes\Data Management Tools.tbx\DeleteField" Date="20190508" Time="083523">DeleteField all-streets-split-100m cat;cat_;ST_NAM;ST_TYP;AGREEMENT;NLFID</Process><Process ToolSource="c:\program files (x86)\arcgis\desktop10.5\ArcToolbox\Toolboxes\Data Management Tools.tbx\DeleteField" Date="20190508" Time="083642">DeleteField all-streets-split-100m Min_Slope;Max_Slope;Avg_Slope</Process><Process ToolSource="c:\program files (x86)\arcgis\desktop10.5\ArcToolbox\Toolboxes\Data Management Tools.tbx\CalculateField" Date="20190508" Time="100509">CalculateField all-streets-split-100m chk_slope "([chk_z_max] - [chk_z_min])/ [METERS] *100" VB #</Process><Process ToolSource="c:\program files (x86)\arcgis\desktop10.5\ArcToolbox\Toolboxes\Data Management Tools.tbx\CalculateField" Date="20190508" Time="100832">CalculateField all-streets-split-100m chk_slope "([chk_z_max] - [chk_z_min])/ [METERS] *100" VB #</Process><Process ToolSource="c:\program files (x86)\arcgis\desktop10.5\ArcToolbox\Toolboxes\Data Management Tools.tbx\CalculateField" Date="20190508" Time="101053">CalculateField all-streets-split-100m chk_slope 1 VB #</Process><Process ToolSource="c:\program files (x86)\arcgis\desktop10.5\ArcToolbox\Toolboxes\Data Management Tools.tbx\DeleteField" Date="20190508" Time="102636">DeleteField all-streets-split-100m METERS;chk_z_min;chk_slope;chk_z_max</Process><Process ToolSource="c:\program files (x86)\arcgis\desktop10.5\ArcToolbox\Toolboxes\Data Management Tools.tbx\DeleteField" Date="20190510" Time="130823">DeleteField all-streets-split-100m L_ZIP;STREETCODE;FCC;LENGTH_CHE;Z_Min;Z_Max;Z_Mean;SLength;slope2;slope3</Process><Process ToolSource="c:\program files (x86)\arcgis\desktop10.5\ArcToolbox\Toolboxes\3D Analyst Tools.tbx\AddSurfaceInformation" Date="20190510" Time="133202">AddSurfaceInformation street_slopes2 dem_2017 Z_MIN;Z_MAX;Z_MEAN;SURFACE_LENGTH;MIN_SLOPE;MAX_SLOPE;AVG_SLOPE BILINEAR # 1 0 NO_FILTER</Process><Process ToolSource="c:\program files (x86)\arcgis\desktop10.5\ArcToolbox\Toolboxes\Data Management Tools.tbx\DeleteField" Date="20190510" Time="134927">DeleteField street_slopes2 Z_Min;Z_Max;Z_Mean;SLength;Min_Slope;Max_Slope;Avg_Slope</Process><Process ToolSource="c:\program files (x86)\arcgis\desktop10.5\ArcToolbox\Toolboxes\3D Analyst Tools.tbx\AddSurfaceInformation" Date="20190510" Time="140217">AddSurfaceInformation street_slopes2 dem_2017 Z_MIN;Z_MAX;Z_MEAN;SURFACE_LENGTH;MIN_SLOPE;MAX_SLOPE;AVG_SLOPE BILINEAR # 1 0 NO_FILTER</Process><Process ToolSource="c:\program files (x86)\arcgis\desktop10.5\ArcToolbox\Toolboxes\Data Management Tools.tbx\CalculateField" Date="20190513" Time="152357">CalculateField Street_Slopes_2017_Bridges_accounted_for Avg_Slope 2 VB #</Process></lineage><itemProps><itemLocation><linkage Sync="TRUE">file://\\HCFILES01\Share01\DPW\DATA\Public\TechENG\P_Russ\street_slopes_for_snow\final\Street_Slopes_2017_Bridges_accounted_for</linkage><protocol Sync="TRUE">Local Area Network</protocol></itemLocation></itemProps><copyHistory><copy source="C:\Users\pwruss77\Desktop\notes\misc\snow_plow_routes\final\again\BRIDGE_CLEANUP\Street_Slopes_2017_Bridges_accounted_for" dest="\\HCFILES01\Share01\DPW\DATA\Public\TechENG\P_Russ\street_slopes_for_snow\final\Street_Slopes_2017_Bridges_accounted_for" date="20190513" time="15364900"></copy></copyHistory></DataProperties></Esri></metadata>
